,Unnamed: 0,address,beds,phone,price,title,address_geo,latitude,longitude
0,0,"401 Amberson Ave, Pittsburgh, PA 15232",1-2 Bed,412-208-4328,"$1,395 - 1,860",Shadyside Commons,"401, Amberson Avenue, Shadyside, PGH, Allegheny County, Pennsylvania, 15232, USA",40.453782,-79.941287125
1,1,"1876 Parkview Blvd, Pittsburgh, PA 15217",1-2 Bed,844-228-9323,"$1,390 - 2,050",The Gateway at Summerset,"Parkview Boulevard, Summerset, Squirrel Hill South, PGH, Allegheny County, Pennsylvania, 15217, USA",40.4158874,-79.9209462
2,2,"6350 Penn Ave, Pittsburgh, PA 15206",Studio - 2 Bed,844-814-2588,"$1,740 - 3,080",Bakery Living Orange,"6350, Penn Avenue, East Liberty, PGH, Allegheny County, Pennsylvania, 15206, USA",40.4587677867345,-79.9191243438661
3,3,"4107 Willow St, Pittsburgh, PA 15201",Studio - 2 Bed,412-437-2173,"$1,313 - 3,128",The Foundry at 41st,"The Foundry at 41st, 4107, Willow Street, Lawrenceville, Central Lawrenceville, PGH, Allegheny County, Pennsylvania, 15201, USA",40.47214545,-79.9640967542301
5,5,"1100 Liberty Ave, Pittsburgh, PA 15222",Studio - 2 Bed,866-350-8444,"$1,203 - 2,879",The Pennsylvanian,"Pittsburgh Union Station, 1100, Liberty Avenue, Strip District, PGH, Allegheny County, Pennsylvania, 15222, USA",40.44519175,-79.991439299587
7,7,"300 Heinz St, Pittsburgh, PA 15212",1-3 Bed,412-847-5081,"$1,195 - 3,725",Heinz Lofts,"300, Heinz Street, Troy Hill, PGH, Allegheny County, Pennsylvania, 15212, USA",40.454095,-79.991096
9,9,"5522 Baum Blvd, Pittsburgh, PA 15232",Studio - 3 Bed,844-762-5514,"$952 - 3,042",Ollie at Baumhaus,"Ollie at Baumhaus, 5522, Baum Boulevard, Friendship, PGH, Allegheny County, Pennsylvania, 15232, USA",40.4573252,-79.9363714977744
11,11,"3922 Foster St, Pittsburgh, PA 15201",Studio - 3 Bed,844-831-9422,"$995 - 3,080",Arsenal 201,"Foster Street, Lower Lawrenceville, PGH, Allegheny County, Pennsylvania, 15201, USA",40.4699532,-79.9635357
12,12,"26 S 28th St, Pittsburgh, PA 15203",1-2 Bed,844-430-5599,"$995 - 1,374",Live South Side,"26, South 28th Street, South Side Flats, PGH, Allegheny County, Pennsylvania, 15203, USA",40.4257671518772,-79.9664264630501
18,18,"2501 Liberty Ave, Pittsburgh, PA 15222",1-2 Bed,412-437-2361,"$1,395 - 2,455",The Brake House Lofts,"Liberty Avenue, Downtown, PGH, Allegheny County, Pennsylvania, 15222, USA",40.4413713,-80.0040507
19,19,"2349 Railroad St, Pittsburgh, PA 15222",1-3 Bed,866-626-1231,"$1,635 - 7,898",The Cork Factory Lofts,"Bridgestreet at The Cork Factory, 2349, Railroad Street, Strip District, PGH, Allegheny County, Pennsylvania, 15222, USA",40.4548656,-79.9827251168269
20,20,"475 Garner Ct, Pittsburgh, PA 15213",1-3 Bed,844-209-9199,"$1,095 - 2,175",Oak Hill Apartments,"475, Garner Court, Oak Hill Apartments, Terrace Village, PGH, Allegheny County, Pennsylvania, 15213, USA",40.4423354288569,-79.9704125966193
21,21,"651 Oaklynn Ct, Pittsburgh, PA 15220",Studio - 3 Bed,412-253-4242,"$730 - 1,490",Crane Village Apartments,"651, Oaklynn Court, Crane Village, Banksville, PGH, Allegheny County, Pennsylvania, 15220, USA",40.4154684725044,-80.0335259392946
22,22,"717 Liberty Ave, Pittsburgh, PA 15222",1-2 Bed,412-223-9839,"$1,250 - 1,995",The Clark Building,"717, Liberty Avenue, Downtown, PGH, Allegheny County, Pennsylvania, 15222, USA",40.4425722827309,-79.999693523422
23,23,"611 William Penn Pl, Pittsburgh, PA 15219",1-3 Bed,412-620-6372,"$1,250 - 2,300",The Residences at the Historic Alcoa Building,"611, William Penn Place, Downtown, PGH, Allegheny County, Pennsylvania, 15219, USA",40.4412988133289,-79.9967525189058
24,24,"2400 Village Rd, Pittsburgh, PA 15205",1-3 Bed,412-533-5758,"$875 - 1,220",Emerald Gardens,"Village Road, Emerald Gardens, Fairywood, PGH, Allegheny County, Pennsylvania, 15205, USA",40.4487196,-80.0770864
25,25,"272 Shady Ave, Pittsburgh, PA 15206",1-3 Bed,844-823-6344,"$985 - 2,235","Franklin West Apartments, Leasing Office","272, Shady Avenue, Shadyside, PGH, Allegheny County, Pennsylvania, 15206, USA",40.45727845,-79.9226354993343
29,29,"275 Oakville Dr, Pittsburgh, PA 15220",Studio - 3 Bed,844-829-9060,"$695 - 1,215",Hyland Hills Apartments,"Oakville Drive, Hyland Hills Apartments, Banksville, PGH, Allegheny County, Pennsylvania, 15220, USA",40.4191147,-80.0358489
30,30,"400 5th Ave, Pittsburgh, PA 15219",Studio - 2 Bed,844-459-8552,"$1,153 - 2,501",Kaufmann's Grand on Fifth Avenue,"Fifth Avenue, Bellefield, North Oakland, PGH, Allegheny County, Pennsylvania, 15213-3704, USA",40.4470102,-79.9485357
32,32,"3030 S Water St, Pittsburgh, PA 15203",1 Bed,412-923-4675,"$1,400 - 1,600",3030 South Water Apartments,"South Water Street, SouthSide Works, South Side Flats, PGH, Allegheny County, Pennsylvania, 15203-2275, USA",40.4279919,-79.9639442
35,35,"6105 Spirit St, Pittsburgh, PA 15206",Studio - 2 Bed,877-623-8306,"$1,466 - 7,003",Eastside Bond,"Eastside Bond Building B, 6105, Spirit Street, Shadyside, PGH, Allegheny County, Pennsylvania, 15206, USA",40.46002785,-79.923256625209
37,37,"5250 Liberty Ave, Pittsburgh, PA 15224",Studio - 3 Bed,844-857-3737,"$1,165 - 3,605",Morrow Park City Apartments,"5250, Liberty Avenue, Bloomfield, PGH, Allegheny County, Pennsylvania, 15224, USA",40.4568708337938,-79.9402810994
38,38,"2645 Railroad St, Pittsburgh, PA 15222",Studio - 2 Bed,844-750-1008,"$1,240 - 2,365",The Yards at 3 Crossings,"2645, Railroad Street, Strip District, PGH, Allegheny County, Pennsylvania, 15222, USA",40.456786910888,-79.9794936168839
39,39,"1420 Centre Ave, Pittsburgh, PA 15219",Studio - 2 Bed,412-532-1007,"$1,004 - 2,610",City View,"City View, 1420, Centre Avenue, Downtown, PGH, Allegheny County, Pennsylvania, 15232, USA",40.44040115,-79.9865252230886
41,41,"10 Allegheny Ctr, Pittsburgh, PA 15212",Studio - 2 Bed,412-253-4253,"$860 - 2,975",Park View Apartments,"Allegheny Center, PGH, Allegheny County, Pennsylvania, USA",40.4529367,-80.0063438
42,42,"1800 Fifth Ave, Pittsburgh, PA 15219",2-3 Bed,844-202-0680,"$1,600 - 2,200",Fifth Avenue School Lofts,"1800, Fifth Avenue, Soho, Bluff, PGH, Allegheny County, Pennsylvania, 15219, USA",40.438297,-79.98121
43,43,"100 7th St, Pittsburgh, PA 15222",1-2 Bed,888-843-1690,"$1,446 - 4,632",The Encore on 7th Apartments,"Bridgestreet The Encore on 7th, 100, 7th Street, Downtown, PGH, Allegheny County, Pennsylvania, 15222, USA",40.44414865,-80.0009956910752
44,44,"4101 Bigelow Blvd, Pittsburgh, PA 15213",1-2 Bed,412-307-7720,"$1,050 - 2,450",Schenley Apartments,"4101, Bigelow Boulevard, North Oakland, PGH, Allegheny County, Pennsylvania, 15213, USA",40.450834,-79.954848
45,45,"201 Stanwix St, Pittsburgh, PA 15222",1-2 Bed,844-222-1998,"$1,150 - 1,995",201 Stanwix Street Apartments,"Bell Telephone Company of Pennsylvania Western Headquarters Building, 201, Stanwix Street, Downtown, PGH, Allegheny County, Pennsylvania, 15222, USA",40.4400767,-80.0050858548482
46,46,"2404 Railroad St, Pittsburgh, PA 15222",Studio - 2 Bed,412-567-4141,"$1,242 - 2,316",Lot 24 Apartments,"2404, Railroad Street, Strip District, PGH, Allegheny County, Pennsylvania, 15222, USA",40.4547825317453,-79.982086957673
47,47,"211 Forbes Ave, Pittsburgh, PA 15222",Studio - 2 Bed,844-885-7665,"$1,375 - 3,725",Market Square Place,"211, Forbes Avenue, Downtown, PGH, Allegheny County, Pennsylvania, 15222, USA",40.4405741491484,-80.0018870330785
48,48,"130 7th St, Pittsburgh, PA 15222",2 Bed,844-586-2302,"$1,725 - 1,750",Century Building,"130, 7th Street, Downtown, PGH, Allegheny County, Pennsylvania, 15222, USA",40.4440730135247,-80.0007571580619
50,50,"3459 Butler St, Pittsburgh, PA 15201",2 Bed,412-253-2202,"$1,900 - 2,440",Doughboy Square Apartments,"3459, Butler Street, Lower Lawrenceville, PGH, Allegheny County, Pennsylvania, 15201, USA",40.4634539132545,-79.9667907000724
51,51,"300 Liberty Ave, Pittsburgh, PA 15222",Studio - 3 Bed,412-345-8286,"$1,330 - 5,995",River Vue,"Liberty Avenue, Downtown, PGH, Allegheny County, Pennsylvania, 15222, USA",40.4413713,-80.0040507
52,52,"3010 Jane St, Pittsburgh, PA 15203",2 Bed,412-923-4743,"$2,000",Print Shop Lofts,"3010, Jane Street, Billy Buck Hill, South Side Slopes, PGH, Allegheny County, Pennsylvania, 15203, USA",40.4232933574971,-79.9648674630189
54,54,"2633 Fifth Ave, Pittsburgh, PA 15213",1-2 Bed,844-280-5364,"$1,300 - 1,900",Portal Place,"2633, Fifth Avenue, West Oakland, PGH, Allegheny County, Pennsylvania, 15213, USA",40.4368926123739,-79.9659894651514
55,55,"121 7th St, Pittsburgh, PA 15222",2 Bed,844-723-3301,"$2,500 - 2,575",Aria Cultural District Lofts,"121, 7th Street, Downtown, PGH, Allegheny County, Pennsylvania, 15222, USA",40.4441403879374,-80.000940310841
57,57,"841 California Ave, Pittsburgh, PA 15202",Studio - 2 Bed,412-368-9413,"$840 - 1,651",Avalon Arms Apartments,"Letter Carriers Building, 841, California Avenue, California-Kirkbride, PGH, Allegheny County, Pennsylvania, 15214, USA",40.45932865,-80.01801785
58,58,"100 Anderson St, Pittsburgh, PA 15212",1-2 Bed,888-353-5443,"$1,594 - 3,188",North Shore Apartments,"100, Anderson Street, North Shore, PGH, Allegheny County, Pennsylvania, 15212, USA",40.448203,-80.000384
60,60,"7070 Forward Ave, Pittsburgh, PA 15217",1-2 Bed,412-206-5629,"$1,119 - 1,995",Walnut Towers at Frick Park,"Forward Avenue, Squirrel Hill South, PGH, Allegheny County, Pennsylvania, 15217, USA",40.4281986,-79.9266156
64,64,"121 S Highland Ave, Pittsburgh, PA 15206",Studio - 3 Bed,412-308-5384,"$1,522 - 3,187",Walnut on Highland,"Highland Building, 121, South Highland Avenue, East Liberty, PGH, Allegheny County, Pennsylvania, 15206, USA",40.46069975,-79.9247449470533
67,67,"2915 Sidney St, Pittsburgh, PA 15203",Studio - 2 Bed,412-419-1366,"$1,656 - 3,521",Hot Metal Flats,"Sidney Street, South Side Flats, PGH, Allegheny County, Pennsylvania, 15203, USA",40.4291106,-79.9709027
69,69,"5765 Centre Ave, Pittsburgh, PA 15206",Studio - 2 Bed,844-845-4811,"$1,297 - 1,620",Coda on Centre,"5765, Centre Avenue, Friendship, PGH, Allegheny County, Pennsylvania, 15206, USA",40.4581649633394,-79.9313172158883
70,70,"6201 Broad St, Pittsburgh, PA 15206",1-2 Bed,844-503-5881,"$699 - 1,225",Fairfield Apartments,"6201, Broad Street, East Liberty, PGH, Allegheny County, Pennsylvania, 15206, USA",40.4616952,-79.9216899
71,71,"1411 Grandview Ave, Pittsburgh, PA 15211",1-2 Bed,877-340-0934,"$1,049 - 2,120",Grandview Pointe Apartments,"1411, Grandview Avenue, Duquesne Heights, PGH, Allegheny County, Pennsylvania, 15211, USA",40.4389611214887,-80.0209921332631
72,72,"1001 N Negley Ave, Pittsburgh, PA 15206",1-2 Bed,412-436-5519,"$1,090 - 1,325",Highland Park Club Apartments,"1001, North Negley Avenue, Highland Park, PGH, Allegheny County, Pennsylvania, 15206, USA",40.4743228,-79.9254412
74,74,"5700 Bunkerhill St, Pittsburgh, PA 15206",1-2 Bed,844-617-0572,"$1,035 - 1,355",Parklane,"5700, Bunkerhill Street, Highland Park, PGH, Allegheny County, Pennsylvania, 15206, USA",40.47885745,-79.919646859801
75,75,"2715 Murray Ave, Pittsburgh, PA 15217",Studio - 1 Bed,844-404-5887,"$890 - 1,155",Morrowfield,"The Morrowfield, 2715, Murray Avenue, Squirrel Hill South, PGH, Allegheny County, Pennsylvania, 15217, USA",40.4284419,-79.924321639171
76,76,"515 S Aiken Ave, Pittsburgh, PA 15232",1 Bed,844-482-7905,"$1,180 - 1,225",Arlington,"515, South Aiken Avenue, Shadyside, PGH, Allegheny County, Pennsylvania, 15232, USA",40.4554907716368,-79.938209335999
77,77,"8228 Ohio River Blvd, Pittsburgh, PA 15202",1-2 Bed,412-348-8305,$650 - 800,Emsworth Arms Apartments,"Ohio River Boulevard, Chateau, PGH, Allegheny County, Pennsylvania, 15233, USA",40.457283,-80.0299493
78,78,"5 Grandview Ave, Pittsburgh, PA 15211",2 Bed,844-681-2898,"$1,800 - 2,200",Mountvue Apartments,"5, Grandview Avenue, Mount Washington, PGH, Allegheny County, Pennsylvania, 15211, USA",40.4311716938775,-80.0061119795918
80,80,"700 Mansfield Ave, Pittsburgh, PA 15205",Studio - 2 Bed,412-924-8122,"$795 - 3,500",Terrain Apartments,"700, Mansfield Avenue, East Carnegie, Green Tree, Allegheny County, Pennsylvania, 15220, USA",40.417275207015,-80.0616588471137
85,85,"245 Lincoln Ave, Pittsburgh, PA 15202",Studio - 2 Bed,412-587-4921,$590 - 835,Lincoln House,"245, Lincoln Avenue, Larimer, PGH, Allegheny County, Pennsylvania, 15206, USA",40.4605294438189,-79.9132832163029
87,87,"1601 Penn Ave, Pittsburgh, PA 15221",Studio - 2 Bed,844-218-9867,$569 - 889,Ambassador Apartments,"Penn Avenue, Park Place, Point Breeze North, PGH, Allegheny County, Pennsylvania, 15208, USA",40.4476295,-79.8966152
88,88,"1435 Parkview Blvd, Pittsburgh, PA 15217",2 Bed,844-564-8456,"$1,800",The Reserve at Summerset at Frick Park,"1435, Parkview Boulevard, Summerset, Squirrel Hill South, PGH, Allegheny County, Pennsylvania, 15217, USA",40.4196597858361,-79.916100602411
91,91,"4500 Centre Ave, Pittsburgh, PA 15213",1-3 Bed,412-533-2310,"$964 - 1,650",One on Centre,"4500, Centre Avenue, Bellefield, North Oakland, PGH, Allegheny County, Pennsylvania, 15213, USA",40.451455,-79.953158
92,92,"824 Perry Hwy, Pittsburgh, PA 15229",1-2 Bed,412-365-5671,$695 - 825,Perry Highway Apartments,"Perrysville Avenue, Perry North, Ross Township, Allegheny County, Pennsylvania, 15214, USA",40.4983102,-80.0203109
93,93,"611 E Waterfront Dr, Munhall, PA 15120",1-3 Bed,412-368-9408,"$1,041 - 3,096",The Waterfront,"611, E Waterfront Drive, The Waterfront, Munhall, Allegheny County, Pennsylvania, 15120, USA",40.414013147517,-79.904473050118
99,99,"562 Oak Hill Dr, Pittsburgh, PA 15213",Townhome for Rent,,"$2,175",562 Oak Hill Dr,"Oak Hill Drive, Oak Hill Apartments, Terrace Village, PGH, Allegheny County, Pennsylvania, 15213, USA",40.4432213,-79.9699101
102,102,"3076 Terrace St, Pittsburgh, PA 15213",Townhome for Rent,,"$1,525",3076 Terrace St,"3076, Terrace Street, Oak Hill Apartments, Terrace Village, PGH, Allegheny County, Pennsylvania, 15213, USA",40.4399002505426,-79.9678993416437
104,104,"340 Eckstein Pl, Pittsburgh, PA 15213",Townhome for Rent,,"$2,050",340 Eckstein Pl,"Eckstein Place, Oak Hill Apartments, Terrace Village, PGH, Allegheny County, Pennsylvania, 15213, USA",40.4426089,-79.9685145
109,109,"1404 Milan Ave, Pittsburgh, PA 15226",House for Rent,412-215-6748,"$1,095",1404 Milan Ave,"1404, Milan Avenue, West Liberty, Brookline, PGH, Allegheny County, Pennsylvania, 15226, USA",40.393757,-80.0092436666667
110,110,"239 Ingram Ave, Pittsburgh, PA 15205",Townhome for Rent,412-802-9142,$895,239 Ingram Ave,"239, Ingram Avenue, Fairywood, Ingram, Allegheny County, Pennsylvania, 15205, USA",40.442118,-80.0742565
111,111,"2211 Wightman St, Pittsburgh, PA 15217",Townhome for Rent,724-393-0086,"$1,650",2211 Wightman St,"Wightman Street, Squirrel Hill South, PGH, Allegheny County, Pennsylvania, 15217, USA",40.4357578,-79.9276271
113,113,"5627 Pocusset St, Pittsburgh, PA 15217",House for Rent,412-901-3820,"$1,850",5627 Pocusset St,"Pocusset Street, Squirrel Hill South, PGH, Allegheny County, Pennsylvania, 15217, USA",40.4293103,-79.9265896
115,115,"67 Bates St, Pittsburgh, PA 15213",House for Rent,412-489-4683,"$1,600",67 Bates St,"67, Bates Street, Oakcliffe, Central Oakland, PGH, Allegheny County, Pennsylvania, 15213, USA",40.4390460648234,-79.9521809027649
119,119,"8 Enfield St, Pittsburgh, PA 15213",Townhome for Rent,412-444-8948,"$2,300",8 Enfield St,"Enfield Street, Bloomfield, PGH, Allegheny County, Pennsylvania, 15213, USA",40.4532702,-79.9493274
121,121,"5413 Bossart St, Pittsburgh, PA 15206",Townhome for Rent,724-900-2045,"$1,400",5413 Bossart St,"5413, Bossart Street, Morningside, PGH, Allegheny County, Pennsylvania, 15206, USA",40.476389,-79.9290895
122,122,"957 Lilac St, Pittsburgh, PA 15217",Townhome for Rent,412-212-3422,"$1,195",957 Lilac St,"957, Lilac Street, Four Mile Run, Greenfield, PGH, Allegheny County, Pennsylvania, 15217, USA",40.4240102909038,-79.930742444802
126,126,"118 S 26th St, Pittsburgh, PA 15203",House for Rent,888-339-7795,"$1,480",118 S 26th St,"118, South 26th Street, South Side Flats, PGH, Allegheny County, Pennsylvania, 15203, USA",40.426052,-79.969161106383
140,140,"250 37th St, Pittsburgh, PA 15201",Townhome for Rent,855-447-5928,"$1,495",250 37th St,"250, 37th Street, Lower Lawrenceville, PGH, Allegheny County, Pennsylvania, 15201, USA",40.464975477702,-79.9633459868911
142,142,"2606 Larkins Way, Pittsburgh, PA 15203",House for Rent,412-433-0032,"$2,200",2606 Larkins Way,"2606, Larkins Way, South Side Flats, PGH, Allegheny County, Pennsylvania, 15203, USA",40.4260315450873,-79.9688166262747
148,148,"3552 Beechwood Blvd, Pittsburgh, PA 15217",House for Rent,412-329-4646,"$1,850",3552 Beechwood Blvd,"Beechwood Boulevard, Four Mile Run, Greenfield, PGH, Allegheny County, Pennsylvania, 15217, USA",40.4278554,-79.9287067
150,150,"5413 Keystone St, Pittsburgh, PA 15201",Townhome for Rent,844-511-7084,"$1,750",5413 Keystone St,"5413, Keystone Street, Upper Lawrenceville, PGH, Allegheny County, Pennsylvania, 15201, USA",40.4819896945904,-79.9496180575307
154,154,"1035 McCabe St, Pittsburgh, PA 15201",House for Rent,412-357-5680,"$1,150",1035 McCabe St,"1035, McCabe Street, Stanton Heights, PGH, Allegheny County, Pennsylvania, 15201, USA",40.4780575053052,-79.9392740983159
156,156,"5415 Bossart St, Pittsburgh, PA 15206",Townhome for Rent,412-404-6882,"$1,400",5415 Bossart St,"5415, Bossart Street, Morningside, PGH, Allegheny County, Pennsylvania, 15206, USA",40.47634,-79.9290534
157,157,"5413 Bossart St, Pittsburgh, PA 15206",Townhome for Rent,412-205-6190,"$1,400",5413 Bossart St,"5413, Bossart Street, Morningside, PGH, Allegheny County, Pennsylvania, 15206, USA",40.476389,-79.9290895
168,168,"103 Dilworth St, Pittsburgh, PA 15211",Condo for Rent,,"$1,540","3 br, 2 bath Apartment - 103 Dilworth St","103, Dilworth Street, Mount Washington, PGH, Allegheny County, Pennsylvania, 15211, USA",40.4253446500261,-80.0117219989546
171,171,"847 Flemington St, Pittsburgh, PA 15217",Condo for Rent,,$700,847 Flemington St,"847, Flemington Street, Four Mile Run, Greenfield, PGH, Allegheny County, Pennsylvania, 15217, USA",40.4266508921523,-79.9342690605169
174,174,"847 Flemington St, Pittsburgh, PA 15217",Condo for Rent,,$600,847 Flemington St,"847, Flemington Street, Four Mile Run, Greenfield, PGH, Allegheny County, Pennsylvania, 15217, USA",40.4266508921523,-79.9342690605169
175,175,"433 Flowers Ave, Pittsburgh, PA 15207",House for Rent,,$749,433 Flowers Ave,"433, Flowers Avenue, Glenwood, Hazelwood, PGH, Allegheny County, Pennsylvania, 15207, USA",40.4121341759822,-79.9376125874334
177,177,"5101 1/2 Lytle St, Pittsburgh, PA 15207",House for Rent,,$699,2 Bedroom/1 Bath Available in Hazelwood!!,"5101, Lytle Street, Glenwood, Hazelwood, PGH, Allegheny County, Pennsylvania, 15207, USA",40.406641,-79.945192
178,178,"214 Franklin Ave, Pittsburgh, PA 15221",House for Rent,,"$1,749","5 br, 3 bath House - 214 Franklin Ave","214, Franklin Avenue, Park Place, Point Breeze South, Wilkinsburg, Allegheny County, Pennsylvania, 15221, USA",40.4434578636364,-79.8928924545455
180,180,"729 S Negley Ave, Pittsburgh, PA 15232",Condo for Rent,,"$1,275","1 br, 1 bath  - 729 South Negley Avenue 2","729, South Negley Avenue, Shadyside, PGH, Allegheny County, Pennsylvania, 15232, USA",40.452623890209,-79.9311890653334
181,181,"220 Heinz St, Pittsburgh, PA 15212",Condo for Rent,,"$1,750",220 Heinz St,"220, Heinz Street, Troy Hill, PGH, Allegheny County, Pennsylvania, 15212, USA",40.4538585918367,-79.9907581632653
182,182,"808 Portland St, Pittsburgh, PA 15206",Condo for Rent,,$775,"1 br, 1 bath  - 808 Portland St","808, Portland Street, Highland Park, PGH, Allegheny County, Pennsylvania, 15206, USA",40.47175655,-79.925442298945
183,183,"1511 St Patrick St, Pittsburgh, PA 15210",Townhome for Rent,,$895,1511 St Patrick St,"1511, Saint Patrick Street, Billy Buck Hill, South Side Slopes, PGH, Allegheny County, Pennsylvania, 15210, USA",40.4212375461546,-79.9824242846285
184,184,"353 Grace St, Pittsburgh, PA 15211",Condo for Rent,,$750,353 Grace St,"353, Grace Street, Mount Washington, PGH, Allegheny County, Pennsylvania, 15211, USA",40.4302656067118,-80.0117896052771
186,186,"375 Semple St, Pittsburgh, PA 15213",House for Rent,,"$2,450","5 br, 3 bath House - 375 Semple St","375, Semple Street, Oakland, Central Oakland, PGH, Allegheny County, Pennsylvania, 15213, USA",40.4376254180768,-79.9554707239136
187,187,"5552 Beacon St, Pittsburgh, PA 15217",House for Rent,,"$1,300",5552 Beacon St,"5552, Beacon Street, Squirrel Hill South, PGH, Allegheny County, Pennsylvania, 15217, USA",40.433915139059,-79.9284995977775
188,188,"2660 S 18th St, Pittsburgh, PA 15210",Condo for Rent,,"$1,100","3 br, 1 bath Apartment - 2660 S 18th St","2660, South 18th Street, Billy Buck Hill, South Side Slopes, PGH, Allegheny County, Pennsylvania, 15210, USA",40.4201224963637,-79.9869071749841
189,189,"5720 Solway St, Pittsburgh, PA 15217",Condo for Rent,,"$2,450","3 br, 2 bath Apartment - 5720 Solway","5720, Solway Street, Squirrel Hill, Squirrel Hill North, PGH, Allegheny County, Pennsylvania, 15217, USA",40.4428386792777,-79.9249966173692
190,190,"1670 Breining St, Pittsburgh, PA 15234",Condo for Rent,,"$1,200","3 br, 1.5 bath Apartment - 1670 Breining St","1670, Breining Street, Overbrook, PGH, Allegheny County, Pennsylvania, 15234, USA",40.3885502302977,-80.003361480177
191,191,"130 S 22nd St, Pittsburgh, PA 15203",Condo for Rent,,"$1,400",130 S 22nd St,"130, South 22nd Street, South Side Flats, PGH, Allegheny County, Pennsylvania, 15203, USA",40.426935,-79.974893
194,194,"412 William St, Pittsburgh, PA 15211",Condo for Rent,,$800,"2 br, 1 bath Apartment - 412 William St","412, William Street, Allentown, PGH, Allegheny County, Pennsylvania, 15211, USA",40.4280740458649,-80.0034835897951
196,196,"19 Edith Pl, Pittsburgh, PA 15213",Condo for Rent,,$420,"3 br, 1 bath Apartment - 19 Edith Pl","19, Edith Place, South Oakland, PGH, Allegheny County, Pennsylvania, 15213, USA",40.4330099835953,-79.9545796097569
197,197,"1324 Wightman St, Pittsburgh, PA 15217",House for Rent,,"$1,995","3 br, 1.5 bath House - 1324 Wightman St","Wightman Street, Squirrel Hill South, PGH, Allegheny County, Pennsylvania, 15217, USA",40.4357578,-79.9276271
198,198,"1121 Sheffield St, Pittsburgh, PA 15233",House for Rent,,"$1,800","3 br, 2 bath House - 1121 Sheffield St","1121, Sheffield Street, Chateau, PGH, Allegheny County, Pennsylvania, 15233, USA",40.4538731888717,-80.0213787135125
199,199,"5524 Covode St, Pittsburgh, PA 15217",Condo for Rent,,"$1,195","2 br, 1 bath  - 5524 Covode St","5524, Covode Street, Squirrel Hill South, PGH, Allegheny County, Pennsylvania, 15217, USA",40.4314452566606,-79.9297877966605
201,201,"250 37th St, Pittsburgh, PA 15201",House for Rent,,$900,"3 br, 1 bath House - 250 37th St","250, 37th Street, Lower Lawrenceville, PGH, Allegheny County, Pennsylvania, 15201, USA",40.464975477702,-79.9633459868911
202,202,"3734 Orpwood St, Pittsburgh, PA 15213",Condo for Rent,,$400,3734 Orpwood St,"3734, Orpwood Street, South Oakland, PGH, Allegheny County, Pennsylvania, 15213, USA",40.4296069770166,-79.9527604664162
203,203,"353 Grace St, Pittsburgh, PA 15211",Condo for Rent,,"$1,500",353 Grace St,"353, Grace Street, Mount Washington, PGH, Allegheny County, Pennsylvania, 15211, USA",40.4302656067118,-80.0117896052771
204,204,"2359 Tilbury Ave, Pittsburgh, PA 15217",Townhome for Rent,,"$1,149","3 br, 1 bath Duplex - 2359 Tilbury Ave 2359","2359, Tilbury Avenue, Squirrel Hill South, PGH, Allegheny County, Pennsylvania, 15217, USA",40.4293706597725,-79.9180169784876
205,205,"1615 Crosby Ave, Pittsburgh, PA 15216",House for Rent,,"$1,095","3 br, 1 bath House - 1615 Crosby Ave","1615, Crosby Avenue, Beechview, PGH, Allegheny County, Pennsylvania, 15216, USA",40.4055318118067,-80.0232208268463
206,206,"6623 Ridgeville St, Pittsburgh, PA 15217",Townhome for Rent,,"$1,425",6623 Ridgeville St,"6623, Ridgeville Street, Point Breeze, Point Breeze South, PGH, Allegheny County, Pennsylvania, 15217, USA",40.4436406734303,-79.9144462162741
208,208,"5616 Callowhill St, Pittsburgh, PA 15206",Condo for Rent,,"$1,500",5616 Callowhill St,"5616, Callowhill Street, Highland Park, PGH, Allegheny County, Pennsylvania, 15206, USA",40.4783855070835,-79.9222713169507
210,210,"5931 Walnut St, Pittsburgh, PA 15232",Condo for Rent,,"$1,575","1 br, 1 bath Apartment - 5931 Walnut St 101","5931, Walnut Street, Shadyside, PGH, Allegheny County, Pennsylvania, 15232, USA",40.453957,-79.926028
211,211,"5717 Howe St, Pittsburgh, PA 15232",Condo for Rent,,"$1,875","2 br, 1.5 bath Apartment - 5717 Howe St Apt 1 Unit Apt 1","5717, Howe Street, Shadyside, PGH, Allegheny County, Pennsylvania, 15232, USA",40.4514792031417,-79.9298486864368
212,212,"5855 Darlington Rd, Pittsburgh, PA 15217",Condo for Rent,,"$1,025",5855 Darlington Rd,"5855, Darlington Road, Squirrel Hill South, PGH, Allegheny County, Pennsylvania, 15217, USA",40.4371296949923,-79.9209166702104
214,214,"827 S Braddock Ave, Pittsburgh, PA 15221",Condo for Rent,,"$1,495",827 S Braddock Ave,"827, South Braddock Avenue, Park Place, Regent Square, Swissvale, Allegheny County, Pennsylvania, 15221, USA",40.436562245863,-79.8961806885078
215,215,"1401 N St Clair St, Pittsburgh, PA 15206",Condo for Rent,,"$1,195",1401 N St Clair St,"1401, North Saint Clair Street, Highland Park, PGH, Allegheny County, Pennsylvania, 15206, USA",40.4778535,-79.9198669
216,216,"2322 E Carson St, Pittsburgh, PA 15203",Condo for Rent,,"$1,350",2322 E Carson St,"2322, East Carson Street, South Side Flats, PGH, Allegheny County, Pennsylvania, 15203, USA",40.42809155,-79.9719483293627
219,219,"3946 Winterburn Ave, Pittsburgh, PA 15207",House for Rent,,"$1,150",3946 Winterburn Ave,"3946, Winterburn Avenue, Four Mile Run, Greenfield, PGH, Allegheny County, Pennsylvania, 15207, USA",40.4264985882353,-79.9398899411765
220,220,"4525 Friendship Ave, Pittsburgh, PA 15224",House for Rent,,"$1,249",4525 Friendship Ave,"4525, Friendship Avenue, Bloomfield, PGH, Allegheny County, Pennsylvania, 15224, USA",40.465625,-79.951723
222,222,"5441 Potter St, Pittsburgh, PA 15232",House for Rent,,"$2,300",5441 Potter St,"5441, Potter Street, Shadyside, PGH, Allegheny County, Pennsylvania, 15232, USA",40.4544803649936,-79.9362121183391
224,224,"120 Prospect St, Pittsburgh, PA 15211",3 Bed,,"$1,500",Stunning 3 Bed/2 Bathroom with Amazing Views! Unit B,"120, Prospect Street, Mount Washington, PGH, Allegheny County, Pennsylvania, 15211, USA",40.4285953506284,-80.0094724801429
225,225,"5535 Wellesley Ave, Pittsburgh, PA 15206",House for Rent,,"$1,350",5535 Wellesley Ave,"5535, Wellesley Avenue, Morningside, PGH, Allegheny County, Pennsylvania, 15206, USA",40.4745943170355,-79.9266142529333
226,226,"3030 Merwyn Ave, Pittsburgh, PA 15204",House for Rent,,$695,3030 Merwyn Ave,"3030, Merwyn Avenue, Corliss, Sheraden, PGH, Allegheny County, Pennsylvania, 15204, USA",40.457698536208,-80.052375002695
227,227,"184 41st St, Pittsburgh, PA 15201",Townhome for Rent,,"$1,350","3 br, 2 bath Townhome - 184 41st Street","184, 41st Street, Lawrenceville, Central Lawrenceville, PGH, Allegheny County, Pennsylvania, 15201, USA",40.4699390289523,-79.9620782665378
230,230,"3028 Merwyn Ave, Pittsburgh, PA 15204",House for Rent,,$695,3028 Merwyn Ave,"3028, Merwyn Avenue, Corliss, Sheraden, PGH, Allegheny County, Pennsylvania, 15204, USA",40.4576685816727,-80.0523469203181
233,233,"1025 Farragut St, Pittsburgh, PA 15206",Condo for Rent,,$995,"3 br, 1 bath  - 1025 Farragut St Apt 2 Unit Apt 2","1025, Farragut Street, Highland Park, PGH, Allegheny County, Pennsylvania, 15206, USA",40.4730487,-79.9183448
236,236,"7108 Baker St, Pittsburgh, PA 15206",House for Rent,,"$1,200","3 br, 1 bath House - 7108 Baker St","7108, Baker Street, Morningside, PGH, Allegheny County, Pennsylvania, 15206, USA",40.4878648544287,-79.9240060774827
238,238,"3532 Brighton Rd, Pittsburgh, PA 15212",Condo for Rent,,$900,"2 br, 1 bath Apartment - 3532 Brighton Rd","3532, Brighton Road, Brighton Heights, PGH, Allegheny County, Pennsylvania, 15214, USA",40.4802553,-80.0312516029412
241,241,"3015 Josephine St, Pittsburgh, PA 15203",House for Rent,,"$1,095","2 br, 2 bath House - 3015 Josephine St","3015, Josephine Street, Billy Buck Hill, South Side Slopes, PGH, Allegheny County, Pennsylvania, 15203, USA",40.422293,-79.965507
243,243,"5746 Howe St, Pittsburgh, PA 15232",Condo for Rent,,"$1,050",5746 Howe St,"5746, Howe Street, Shadyside, PGH, Allegheny County, Pennsylvania, 15232, USA",40.4515954627758,-79.9289009624023
244,244,"569 Loretto Rd, Pittsburgh, PA 15217",House for Rent,,"$1,075","2 br, 1 bath House - 569 Loretto Road","569, Loretto Road, Four Mile Run, Greenfield, PGH, Allegheny County, Pennsylvania, 15217, USA",40.4210874781703,-79.9378497089407
245,245,"2001 Boulevard of the Allies, Pittsburgh, PA 15219",Townhome for Rent,,$800,2001 Boulevard of the Allies,"2001, Boulevard of the Allies, Soho, Bluff, PGH, Allegheny County, Pennsylvania, 15219, USA",40.436352,-79.977663
250,250,"3837 Hiawatha St, Pittsburgh, PA 15212",House for Rent,,"$1,000",3 Bedroom Northside House with Huge Yard,"3837, Hiawatha Street, Brighton Heights, PGH, Allegheny County, Pennsylvania, 15212, USA",40.4836723742029,-80.0440614519036
251,251,"2402 Cobden St, Pittsburgh, PA 15203",House for Rent,,"$1,225","4 br, 2 bath House - 2402 Cobden St","2402, Cobden Street, Billy Buck Hill, South Side Slopes, PGH, Allegheny County, Pennsylvania, 15203, USA",40.4200786781348,-79.9722555012438
252,252,"351 S Atlantic Ave, Pittsburgh, PA 15224",Condo for Rent,,"$1,095","2 br, 1 bath  - 351 S Atlantic Ave 1","351, South Atlantic Avenue, Garfield, PGH, Allegheny County, Pennsylvania, 15224, USA",40.4608109511915,-79.9390079829641
253,253,"1027 Macon Ave, Pittsburgh, PA 15218",Condo for Rent,,"$1,200","2 br, 1 bath Apartment - 1027 Macon Ave","1027, Macon Avenue, Regent Square, Swissvale, Allegheny County, Pennsylvania, 15218, USA",40.4325616910683,-79.8975752551637
254,254,"105 Shadyhill Rd, Pittsburgh, PA 15205",House for Rent,,"$1,200","1 br, 1 bath House - 105 Shadyhill Rd","105, Shadyhill Road, Westwood, PGH, Allegheny County, Pennsylvania, 15205, USA",40.4351444781443,-80.0486244505717
255,255,"101 Shadyhill Rd, Pittsburgh, PA 15205",House for Rent,,"$1,950","5 br, 3 bath House - 101 Shadyhill Rd","101, Shadyhill Road, Westwood, PGH, Allegheny County, Pennsylvania, 15205, USA",40.4351501593814,-80.0486254835239
259,259,"69 Allen St, Pittsburgh, PA 15210",House for Rent,,"$1,299","5 br, 3 bath House - 69 Allen","69, Allen Street, Allentown, PGH, Allegheny County, Pennsylvania, 15210, USA",40.4214592857143,-79.9938377142857
260,260,"144 44th St, Pittsburgh, PA 15201",House for Rent,,"$1,950","4 br, 2 bath House - 144 44th St","144, 44th Street, Lawrenceville, Central Lawrenceville, PGH, Allegheny County, Pennsylvania, 15201, USA",40.472604,-79.961527
261,261,"430 Brownsville Rd, Pittsburgh, PA 15210",Condo for Rent,,$650,430 Brownsville,"430, Brownsville Road, Carrick, Brentwood, Allegheny County, Pennsylvania, 15210, USA",40.4126074849868,-79.9893982250094
262,262,"827 S Braddock Ave, Pittsburgh, PA 15221",Condo for Rent,,"$1,495",827 S Braddock Ave,"827, South Braddock Avenue, Park Place, Regent Square, Swissvale, Allegheny County, Pennsylvania, 15221, USA",40.436562245863,-79.8961806885078
264,264,"2412 Cobden St, Pittsburgh, PA 15203",House for Rent,,"$1,175","3 br, 2.5 bath House - 2412 Cobden St","2412, Cobden Street, Billy Buck Hill, South Side Slopes, PGH, Allegheny County, Pennsylvania, 15203, USA",40.4200620688085,-79.9721330074626
265,265,"68 Gregory St, Pittsburgh, PA 15203",House for Rent,,"$1,000","3 br, 1 bath House - 68 Gregory St","68, Gregory Street, Billy Buck Hill, South Side Slopes, PGH, Allegheny County, Pennsylvania, 15203, USA",40.4237763125,-79.9791701875
266,266,"6635 Ridgeville St, Pittsburgh, PA 15217",Townhome for Rent,,"$1,485",6635 Ridgeville St,"6635, Ridgeville Street, Point Breeze, Point Breeze South, PGH, Allegheny County, Pennsylvania, 15217, USA",40.4437002489939,-79.9141038406583
267,267,"7225 Meade St, Pittsburgh, PA 15208",Condo for Rent,,"$1,275",7225 Meade St,"7225, Meade Street, Homewood, Point Breeze North, PGH, Allegheny County, Pennsylvania, 15208, USA",40.4499691386812,-79.9002107286755
268,268,"302 S Negley Ave, Pittsburgh, PA 15232",Condo for Rent,,"$1,495",302 S Negley Ave,"302, South Negley Avenue, Friendship, PGH, Allegheny County, Pennsylvania, 15232, USA",40.4604816,-79.9328234
269,269,"310 Amber St, Pittsburgh, PA 15206",Condo for Rent,,$995,310 Amber St,"310, Amber Street, East Liberty, PGH, Allegheny County, Pennsylvania, 15206, USA",40.4601287960364,-79.931661471882
270,270,"2325-2327 Eldridge St, Pittsburgh, PA 15217",Condo for Rent,,$950,2325-2327 Eldridge St,"2325, Eldridge Street, Squirrel Hill South, PGH, Allegheny County, Pennsylvania, 15217, USA",40.4309441352852,-79.9223073403025
273,273,"2325-2327 Eldridge St, Pittsburgh, PA 15217",Condo for Rent,,$995,2325-2327 Eldridge St,"2325, Eldridge Street, Squirrel Hill South, PGH, Allegheny County, Pennsylvania, 15217, USA",40.4309441352852,-79.9223073403025
276,276,"917 Excelsior St, Pittsburgh, PA 15210",House for Rent,,$950,"2 br, 1 bath House - 917 Excelsior","917, Excelsior Street, Allentown, PGH, Allegheny County, Pennsylvania, 15210, USA",40.4230041956585,-79.9916143687619
278,278,"3344 Beechwood Blvd, Pittsburgh, PA 15217",House for Rent,,"$2,100","6 br, 2.5 bath House - 3344 Beechwood Blvd","Beechwood Boulevard, Four Mile Run, Greenfield, PGH, Allegheny County, Pennsylvania, 15217, USA",40.4278554,-79.9287067
283,283,"2437 Edgar St, Pittsburgh, PA 15210",House for Rent,,$895,"4 br, 1 bath House - 2437 Edgar Street","2437, Edgar Street, Carrick, PGH, Allegheny County, Pennsylvania, 15210, USA",40.3863100930043,-79.9830996321279
284,284,"526 Penn Ave, Pittsburgh, PA 15222",1-2 Bed,,"$1,300 - 1,995",526 Penn Avenue,"526, Penn Avenue, Downtown, PGH, Allegheny County, Pennsylvania, 15222, USA",40.4424831085395,-80.0028093731617
285,285,"908 Penn Ave, Pittsburgh, PA 15222",1-2 Bed,,"$1,195 - 1,595",908 Penn Avenue,"908, Penn Avenue, Downtown, PGH, Allegheny County, Pennsylvania, 15222, USA",40.443770476074,-79.9978979678497
286,286,"915 Penn Ave, Pittsburgh, PA 15222",1-2 Bed,,"$1,195 - 2,000",The Penn Garrison Lofts,"915, Penn Avenue, Downtown, PGH, Allegheny County, Pennsylvania, 15222, USA",40.4439772555539,-79.9977726883731
287,287,"5562 Hobart St, Pittsburgh, PA 15217",1-2 Bed,,"$1,050 - 1,510",Wendover,"5562, Hobart Street, Squirrel Hill South, PGH, Allegheny County, Pennsylvania, 15217, USA",40.4321571,-79.9286000536155
289,289,"4840 Harrison St, Pittsburgh, PA 15201",2 Bed,,"$1,850",Locomotive Lofts,"4840, Harrison Street, Lawrenceville, Central Lawrenceville, PGH, Allegheny County, Pennsylvania, 15201, USA",40.4774840824221,-79.958981457782
291,291,"3080 Smallman St, Pittsburgh, PA 15201",2 Bed,,"$1,800",31st Street Lofts,"3080, Smallman Street, Strip District, PGH, Allegheny County, Pennsylvania, 15201, USA",40.4601937137624,-79.9724587695049
294,294,"125 N Saint Clair St, Pittsburgh, PA 15206",1 Bed,,$853 - 950,Penn Manor Apartments,"125, N St Clair Street, East Liberty, PGH, Allegheny County, Pennsylvania, 15206, USA",40.463074799055,-79.9287914850612
296,296,"McKees Rocks, PA 15136",Condo for Rent,,$750,414 Ella St,"McKees Rocks, Allegheny County, Pennsylvania, 151363, USA",40.4656244,-80.0656106
297,297,"3705 Main St, Munhall, PA 15120",Condo for Rent,,$650,3705 Main St,"3705, Main Street, Munhall, Allegheny County, Pennsylvania, 15120, USA",40.3844008456927,-79.9036601034257
298,298,"325 Johnston Rd, Penn Hills, PA 15235",House for Rent,,$999,"2 br, 1 bath House - 325 Johnston Rd","325, Johnston Road, Laketon Heights, Penn Hills, Allegheny County, Pennsylvania, 15235, USA",40.4661158105477,-79.856304328796
300,300,"West Mifflin, PA 15122",House for Rent,,$850,437 Bellwood Rd,"West Mifflin, Allegheny County, Pennsylvania, USA",40.3634026,-79.8664375
301,301,"369 Questend Ave, Mount Lebanon, PA 15228",Townhome for Rent,,"$1,450","3 br, 1.5 bath Townhome - 369 Questend Ave","369, Questend Avenue, Mount Lebanon, Allegheny County, Pennsylvania, 15228, USA",40.3763176,-80.0322413
302,302,"233 Clearview Ave, Crafton, PA 15205",House for Rent,,"$1,150","3 br, 1 bath House - 233 Clearview Ave","233, Clearview Avenue, Crafton, Allegheny County, Pennsylvania, 15205, USA",40.4364924403257,-80.0595407843608
304,304,"3545 York St, Munhall, PA 15120",House for Rent,,"$1,100","3 br, 1 bath House - 3545 York St","3545, York Street, Munhall, Allegheny County, Pennsylvania, 15120, USA",40.3862297224141,-79.9110829600855
305,305,"3310 Jameson Dr, Brentwood, PA 15227",3 Bed,,$725,Brentwood Townhomes,"3310, Jameson Drive, Brentwood, Allegheny County, Pennsylvania, 15227, USA",40.3746193420742,-79.9841931715588
306,306,"405-419 S Braddock Ave, Pittsburgh, PA 15221",,,,Heidelberg,"405, South Braddock Avenue, Park Place, Point Breeze South, PGH, Allegheny County, Pennsylvania, 15221, USA",40.4443926504514,-79.8961384158483
307,307,"1088 Greentree Rd, Pittsburgh, PA 15220",,,,Greentree Manor,"Greentree Road, West End, PGH, Allegheny County, Pennsylvania, 15220, USA",40.4347039,-80.0351135
313,313,"176-178 W Prospect Ave, Pittsburgh, PA 15205",,,,Comfort Arms,"176, West Prospect Avenue, Fairywood, Ingram, Allegheny County, Pennsylvania, 15205, USA",40.4478035856242,-80.0724685636319
314,314,"118 Maple Ave, Pittsburgh, PA 15218",,,,118 Maple Ave,"Maple Avenue, Perry Hilltop, Perry South, PGH, Allegheny County, Pennsylvania, 15214, USA",40.4711967,-80.0079203
315,315,"1592 Crucible St, Pittsburgh, PA 15205",,,,Crafton Heights Townhomes,"Crucible Street, Crafton Heights, PGH, Allegheny County, Pennsylvania, 15205, USA",40.4460984,-80.045764
316,316,"909 Penn Ave, Pittsburgh, PA 15222",,,,Lando Lofts,"909, Penn Avenue, Downtown, PGH, Allegheny County, Pennsylvania, 15222, USA",40.443926622223,-79.9979674058135
317,317,"1655 5th Ave, Pittsburgh, PA 15219",,,,Flats on Fifth,"Fifth Avenue, Bellefield, North Oakland, PGH, Allegheny County, Pennsylvania, 15213-3704, USA",40.4470102,-79.9485357
318,318,"5836 Penn Ave, Pittsburgh, PA 15206",,,,East Liberty Place South,"5836, Penn Avenue, East Liberty, PGH, Allegheny County, Pennsylvania, 15206, USA",40.4622815380837,-79.9274694786974
319,319,"115 N Beatty St, Pittsburgh, PA 15206",,,,East Liberty Place North,"115, North Beatty Street, East Liberty, PGH, Allegheny County, Pennsylvania, 15206, USA",40.4627852040816,-79.9263158877551
320,320,"2217 E Carson St, Pittsburgh, PA 15203",,,,Carson Towers,"2217, East Carson Street, South Side Flats, PGH, Allegheny County, Pennsylvania, 15203, USA",40.4282677804878,-79.9734529756098
321,321,"200 Cowan St, Pittsburgh, PA 15211",,,,Lofts of Mt. Washington,"Cowan Street, Mount Washington, PGH, Allegheny County, Pennsylvania, 15211, USA",40.4274797,-80.0095876
322,322,"149 Hazelwood Ave, Pittsburgh, PA 15207",,,,Hazelwood,"149, Hazelwood Avenue, Glenwood, Hazelwood, PGH, Allegheny County, Pennsylvania, 15207, USA",40.411763,-79.942679
327,327,"600 Kelly Ave, Pittsburgh, PA 15221",,,,Village Square,"Kelly Avenue, Park Place, Point Breeze South, Wilkinsburg, Allegheny County, Pennsylvania, 15221, USA",40.4412318,-79.8933535
328,328,"5601 Penn Ave, Pittsburgh, PA 15206",,,,New Pennley Place,"5601, Penn Avenue, East Liberty, PGH, Allegheny County, Pennsylvania, 15206, USA",40.4635333,-79.9296606
329,329,"41 Allegheny Ave, Pittsburgh, PA 15212",,,,The Rivers Edge of Oakmont,"Allegheny Avenue, Chateau, PGH, Allegheny County, Pennsylvania, 14233, USA",40.4486445,-80.0179887
331,331,"2829 Bedford Ave, Pittsburgh, PA 15219",,,,Christopher A. Smith Terrace Senior Living,"2829, Bedford Avenue, Bedford Dwellings, PGH, Allegheny County, Pennsylvania, 15219, USA",40.452475648225,-79.9685415434696
333,333,"4646 Friendship Ave, Pittsburgh, PA 15224",,,,Noodle Factory,"4646, Friendship Avenue, Bloomfield, PGH, Allegheny County, Pennsylvania, 15224, USA",40.4636312222222,-79.9492627407407
335,335,"711 S 21st St, Pittsburgh, PA 15203",,,,The Brew House,"South 21st Street, South Side Flats, PGH, Allegheny County, Pennsylvania, 15203, USA",40.4294246,-79.9761522
336,336,"111 Tecumseh St, Pittsburgh, PA 15207",,,,Hazelwood Towers,"111, Tecumseh Street, Glenwood, Hazelwood, PGH, Allegheny County, Pennsylvania, 15207, USA",40.4087874607817,-79.9429796601662
337,337,"5461 Penn Ave, Pittsburgh, PA 15206",,,,Fairmont Apartments,"5461, Penn Avenue, Friendship, PGH, Allegheny County, Pennsylvania, 15206, USA",40.464609,-79.93371
338,338,"900 Penn Ave, Pittsburgh, PA 15222",,,,900 Penn,"900, Penn Avenue, Downtown, PGH, Allegheny County, Pennsylvania, 15222, USA",40.443703,-79.998158
339,339,"420 Dinwiddie St, Pittsburgh, PA 15219",,,,Ebenezer Tower,"420, Dinwiddie Street, Crawford-Roberts, PGH, Allegheny County, Pennsylvania, 15219, USA",40.4426723935555,-79.9803470033349
341,341,"1926 Pauline Ave, Pittsburgh, PA 15216",,,,Beechview Manor,"1926, Pauline Avenue, Beechview, PGH, Allegheny County, Pennsylvania, 15216, USA",40.4057394,-80.026792
343,343,"5500 Elmer St, Pittsburgh, PA 15232",,,,5500 & 5508 Elmer Street Properties,"5500, Elmer Street, Shadyside, PGH, Allegheny County, Pennsylvania, 15232, USA",40.452437,-79.934422
344,344,"809 College St, Pittsburgh, PA 15232",,,,809 College St,"809, College Street, Shadyside, PGH, Allegheny County, Pennsylvania, 15232, USA",40.4532983276133,-79.926913996568
346,346,"205 Robinson St, Pittsburgh, PA 15213",,,,205 Robinson St,"205, Robinson Street, West Oakland, PGH, Allegheny County, Pennsylvania, 15213, USA",40.4405351666667,-79.96567375
347,347,"151 Robinson St, Pittsburgh, PA 15213",,,,151 Robinson St,"151, Robinson Street, West Oakland, PGH, Allegheny County, Pennsylvania, 15213, USA",40.439148,-79.96557
348,348,"5629 Beacon St, Pittsburgh, PA 15217",,,,Beacon Commons,"5629, Beacon Street, Squirrel Hill South, PGH, Allegheny County, Pennsylvania, 15217, USA",40.4343310810552,-79.9267283901562
349,349,"5560 Forbes Ave, Pittsburgh, PA 15217",,,,Walnut on Wightman,"5560, Forbes Avenue, Squirrel Hill, Squirrel Hill North, PGH, Allegheny County, Pennsylvania, 15217, USA",40.4378803017694,-79.9289126257741
350,350,"5326 Pocusset St, Pittsburgh, PA 15217",,,,Walnut on the Park,"Walnut on the Park, 5326, Pocusset Street, Squirrel Hill South, PGH, Allegheny County, Pennsylvania, 15217, USA",40.4297985,-79.9314630885931
351,351,"5644 Hempstead Rd, Pittsburgh, PA 15217",,,,5644 Hempstead Road,"5644, Hempstead Road, Squirrel Hill South, PGH, Allegheny County, Pennsylvania, 15217, USA",40.4320085361293,-79.9266552081881
352,352,"5615-5645 Hempstead Rd, Pittsburgh, PA 15217",,,,Hempstead Properties,"5615, Hempstead Road, Squirrel Hill South, PGH, Allegheny County, Pennsylvania, 15217, USA",40.431835110636,-79.9271372785379
353,353,"2129-2135 Wightman, Pittsburgh, PA 15217",,,,Wightman Street Apartments,"Wightman Street, Squirrel Hill South, PGH, Allegheny County, Pennsylvania, 15217, USA",40.4357578,-79.9276271
355,355,"5636 Forbes Ave, Pittsburgh, PA 15217",,,,5636 Forbes Ave,"5636, Forbes Avenue, Squirrel Hill, Squirrel Hill North, PGH, Allegheny County, Pennsylvania, 15217, USA",40.4379919996424,-79.9262552470949
356,356,"106 15th St, Pittsburgh, PA 15229",,,,Laurel Ridge,"15th Street, Strip District, PGH, Allegheny County, Pennsylvania, 15219, USA",40.4493719,-79.9901086
357,357,"201 Center St, Pittsburgh, PA 15221",,,,201 Center Ave,"201, Center Street, East Pittsburgh, Allegheny County, Pennsylvania, 15112, USA",40.3961916168273,-79.8440602119042
360,360,"710 W North Ave, Pittsburgh, PA 15212",,,,West Park Court,"West Park Court, 710, West North Avenue, Central Northside, PGH, Allegheny County, Pennsylvania, 15233, USA",40.45435765,-80.0142269906487
361,361,"2948 Brownsville Rd, Pittsburgh, PA 15227",,,,Hillcrest Senior Residences,"Brownsville Road, Carrick, Brentwood, Allegheny County, Pennsylvania, 15210:15227, USA",40.386906,-79.982737
362,362,"972 Perry Hwy, Pittsburgh, PA 15237",,,,Marlett Arms,"Perrysville Avenue, Perry North, Ross Township, Allegheny County, Pennsylvania, 15214, USA",40.4983102,-80.0203109
368,368,"25 Hawley Ave, Bellevue, PA 15202",,,,Bellevue Gables,"Bellevue Gables Apartments, 25, Hawley Avenue, Bellevue, Allegheny County, Pennsylvania, 15202, USA",40.49737095,-80.0564091
369,369,"901 Gray St, Mckees Rocks, PA 15136",,,,Meyers Ridge,"Meyers Ridge, 901, Gray Street, McKees Rocks Bottoms, McKees Rocks, Allegheny County, Pennsylvania, 15136, USA",40.46938175,-80.0654100145931
370,370,"37 Washington Ave, Bellevue, PA 15202",,,,Bellevue Apartments,"37, Washington Avenue, Bellevue, Allegheny County, Pennsylvania, 15202, USA",40.4887405416667,-80.0474748229167
371,371,"5559 Hobart St, Pittsburgh, PA 15217",,,,Hobart Court,"5559, Hobart Street, Squirrel Hill South, PGH, Allegheny County, Pennsylvania, 15217, USA",40.4326060860967,-79.9283063553079
